original_name,cleaned_name,Freq,Notes
Brown-headed Cowbird,,543,
American Robin,,498,
Downy Woodpecker,,469,
Northern Flicker,,446,
Red-eyed Vireo,,443,
Blue Jay,,405,
Great Crested Flycatcher,,393,
Hairy Woodpecker,,393,
Common Yellowthroat,,391,
Eastern Wood-Pewee,,391,
Mourning Dove,,387,
American Crow,,386,
White-breasted Nuthatch,,384,
Ovenbird,,375,
Northern Cardinal,,372,
Black-capped Chickadee,,368,
Scarlet Tanager,,368,
Tufted Titmouse,,368,
Wood Thrush,,368,
American Goldfinch,,318,
Gray Catbird,,311,
Song Sparrow,,311,
Pileated Woodpecker,,305,
Red-bellied Woodpecker,,276,
Rufous-sided Towhee,,275,taxonomy
Veery,,271,
Cedar Waxwing,,263,
American Redstart,,253,
Rose-breasted Grosbeak,,239,
House Wren,,230,
Indigo Bunting,,229,
Northern Oriole,,228,
Chipping Sparrow,,221,
Blue-gray Gnatcatcher,,214,
Carolina Wren,,212,
Red-winged Blackbird,,211,
Common Grackle,,200,
Solitary Vireo,,195,
Acadian Flycatcher,,194,
Black-and-white Warbler,,187,
Yellow Warbler,,187,
Yellow-billed Cuckoo,,186,
House Finch,,183,
Yellow-throated Vireo,,181,
European Starling,,175,
Brown Creeper,,174,
Hermit Thrush,,168,
Eastern Kingbird,,166,
Ruby-throated Hummingbird,,162,
Black-throated Green Warbler,,150,
Red-breasted Nuthatch,,149,
Eastern Phoebe,,148,
Carolina Chickadee,,146,
Red-tailed Hawk,,146,
Barred Owl,,143,
Hooded Warbler,,143,
Yellow-rumped Warbler,,138,
Chestnut-sided Warbler,,136,
Pine Warbler,,131,
Ruffed Grouse,,131,
Wood Duck,,130,
Purple Finch,,127,
Common Raven,,126,
Tree Swallow,,126,
Mallard,,121,
Warbling Vireo,,114,
Dark-eyed Junco,,112,
Northern Parula,,112,
Blackburnian Warbler,,111,
Brown Thrasher,,109,
Great Horned Owl,,108,
Louisiana Waterthrush,,108,
Red-shouldered Hawk,,103,
Broad-winged Hawk,,102,
Winter Wren,,96,taxonomy
Blue-winged Warbler,,95,
White-eyed Vireo,,93,
Kentucky Warbler,,92,
Pine Siskin,,89,
Black-billed Cuckoo,,86,
Barn Swallow,,84,
Summer Tanager,,84,
Turkey Vulture,,84,
Magnolia Warbler,,83,
Field Sparrow,,81,
Black-throated Blue Warbler,,80,
Killdeer,,79,
Northern Mockingbird,,79,
Yellow-bellied Sapsucker,,79,
Canada Warbler,,78,
Great Blue Heron,,78,
Nashville Warbler,,78,
Worm-eating Warbler,,77,
Swainson's Thrush,,76,
Wild Turkey,,76,
Belted Kingfisher,,75,
Cooper's Hawk,,73,
Least Flycatcher,,72,
Chimney Swift,,71,
Golden-crowned Kinglet,,70,
Willow Flycatcher,,69,
Common Crackle,,67,
American Woodcock,,63,
Bewick's Wren,,63,
Black-headed Grosbeak,,63,
Anna's Hummingbird,,59,
Eastern Bluebird,,57,
Bushtit,,56,
Lesser Goldfinch,,56,
Western Tanager,,56,
Canada Goose,,55,
House Sparrow,,55,
Red-headed Woodpecker,,55,
Violet-green Swallow,,54,
Western Wood-Pewee,,54,
Bobolink,,53,
Sharp-shinned Hawk,,53,
Western Meadowlark,,52,
Fish Crow,,51,
Orange-crowned Warbler,,51,
Common Nighthawk,,50,
Scrub Jay,,50,taxonomy
Blue jay,Blue Jay,48,
California Quail,,48,
Grasshopper Sparrow,,48,
Ash-throated Flycatcher,,46,
Orchard Oriole,,46,
Western Bluebird,,46,
Cerulean Warbler,,45,
Mountain Chickadee,,45,
Plain Titmouse,,44,taxonomy
Brownheaded Cowbird,Brown-headed Cowbird,43,
Swamp Sparrow,,43,
Eastern Towhee,,42,
Prothonotary Warbler,,42,
Western Kingbird,,42,
Wilson's Warbler,,42,
American Kestrel,,41,
Redeyed Vireo,Red-eyed Vireo,41,
Yellow-breasted Chat,,41,
Evening Grosbeak,,39,
Nuttall's Woodpecker,,39,
Whitebreasted Nuthatch,White-breasted Nuthatch,37,
Brewer's Blackbird,,36,
Hammond's Flycatcher,,36,
Yellow-throated Warbler,,36,
California Towhee,,35,
Cassin's Finch,,35,
Green-backed Heron,Green Heron,35,
Blackcapped Chickadee,Black-capped Chickadee,34,
White-crowned Sparrow,,34,
White-throated Sparrow,,34,
Wrentit,,34,
Savannah Sparrow,,33,
Steller's Jay,,33,
Eastern WoodPewee,Eastern Wood-Pewee,31,
Marsh Wren,,31,
Northern Harrier,,31,
Red Crossbill,,31,
Upland Sandpiper,,31,
Acorn Woodpecker,,30,
Black Phoebe,,30,
Chestnut-backed Chickadee,,30,
Northern Bobwhite,,30,
Northern Rough-winged Swallow,,30,
Purple Martin,,30,
Ring-necked Pheasant,,30,
Hutton's Vireo,,29,
Mourning Warbler,,29,
Ruby-crowned Kinglet,,29,
MacGillivray's Warbler,,28,
Allen's Hummingbird,,27,
Olive-sided Flycatcher,,27,
Rock Dove,,27,
Spotted Sandpiper,,27,
Phainopepla,,26,
Eastern Screech-Owl,,25,
Rufoussided Towhee,Rufous-sided Towhee,25,taxonomy
Baltimore Oriole,,24,
Prairie Warbler,,24,
Dickcissel,,23,
Townsend's Solitaire,,23,
Blue Grosbeak,,22,
Northern Goshawk,,22,
Broad-tailed Hummingbird,,21,
Cliff Swallow,,21,
Vesper Sparrow,,21,
Virginia Rail,,21,
Calliope Hummingbird,,20,
Eastern Meadowlark,,20,
Fox Sparrow,,20,
Mountain Bluebird,,20,
Pacific-slope Flycatcher,,20,
Band-tailed Pigeon,,19,
Brown Towhee,,19,taxonomy
Dusky Flycatcher,,19,
Northern Waterthrush,,19,
Vaux's Swift,,19,
Western Flycatcher,,19,
Black-chinned Hummingbird,,18,
California Thrasher,,18,
Common Snipe,,18,
Dark-eyed junco,Dark-eyed Junco,18,
Lincoln's Sparrow,,18,
Pied-billed Grebe,,18,
Pygmy Nuthatch,,18,
Osprey,,17,
Redwinged Blackbird,Red-winged Blackbird,17,
Alder Flycatcher,,16,
American Coot,,16,
Green-tailed Towhee,,16,
Lazuli Bunting,,16,
Rock Wren,,16,
Yellowbilled Cuckoo,Yellow-billed Cuckoo,16,
Black-crowned Night-Heron,,15,
Clark's Nutcracker,,15,
Clay-colored Sparrow,,15,
Common Poorwill,,15,
Cordilleran Flycatcher,,15,
Great Egret,,15,
Lark Sparrow,,15,
Lawrence's Goldfinch,,15,
Northern Pygmy-Owl,,15,
Swainson's Warbler,,15,
Whip-poor-will,,15,
White-throated Swift,,15,
Yellow-bellied Flycatcher,,15,
Bluejay,Blue Jay,14,
Brown-headed Nuthatch,,14,
Golden-winged Warbler,,14,
Green Heron,,14,
Loggerhead Shrike,,14,
Mountain Quail,,14,
Redbellied Woodpecker,Red-bellied Woodpecker,14,
Bay-breasted Warbler,,13,
Hooded Merganser,,13,
Redbreasted Nuthatch,Red-breasted Nuthatch,13,
Redtailed Hawk,Red-tailed Hawk,13,
Rubythroated Hummingbird,Ruby-throated Hummingbird,13,
Townsend's Warbler,,13,
Varied Thrush,,13,
American Black Duck,,12,
Black-throated Sparrow,,12,
Blackand-white Warbler,Black-and-white Warbler,12,
Blackthroated Green Warbler,Black-throated Green Warbler,12,
Canyon Wren,,12,
Costa's Hummingbird,,12,
Gray Jay,,12,
Great-crested Flycatcher,Great Crested Flycatcher,12,
Greater Roadrunner,,12,
Hermit Warbler,,12,
Horned Lark,,12,
Rosebreasted Grosbeak,Rose-breasted Grosbeak,12,
Rufous Hummingbird,,12,
Bachman's Sparrow,,11,
Black-throated Gray Warbler,,11,
Black Tern,,11,
Blue-winged Teal,,11,
Gadwall,,11,
Goldencrowned Kinglet,Golden-crowned Kinglet,11,
Redshouldered Hawk,Red-shouldered Hawk,11,
Verdin,,11,
Bluegray Gnatcatcher,Blue-gray Gnatcatcher,10,
Bluewinged Warbler,Blue-winged Warbler,10,
Chestnutsided Warbler,Chestnut-sided Warbler,10,
Common Merganser,,10,
Darkeyed Junco,Dark-eyed Junco,10,
Gambel's Quail,,10,
Tennessee Warbler,,10,
White-headed Woodpecker,,10,
Yellow-headed Blackbird,,10,
Yellowthroated Vireo,Yellow-throated Vireo,10,
Black-billed Magpie,,9,
Boreal Chickadee,,9,
Common Goldeneye,,9,
Dark-eyedjunco,Dark-eyed Junco,9,
Golden Eagle,,9,
Red-breasted Sapsucker,,9,
Ring-billed Gull,,9,
Sedge Wren,,9,
Sora,,9,
Spotted Towhee,,9,
Yellowrumped Warbler,Yellow-rumped Warbler,9,
Barn Owl,,8,
Black-andwhite Warbler,Black-and-white Warbler,8,
Blackthroated Blue Warbler,Black-throated Blue Warbler,8,
Blue Grouse,,8,taxonomy
BlueJay,Blue Jay,8,
Northern Saw-whet Owl,,8,
Red-naped Sapsucker,,8,
Say's Phoebe,,8,
Western Screech-Owl,,8,
Western Scrub-Jay,Western Scrub Jay,8,
Willet,,8,
Bank Swallow,,7,
Black-shouldered Kite,,7,
Broadwinged Hawk,Broad-winged Hawk,7,
Chickadee species,Chickadee sp.,7,
Cinnamon Teal,,7,
Marbled Godwit,,7,
Rufous-crowned Sparrow,,7,
Tricolored Blackbird,,7,
Violetgreen Swallow,Violet-green Swallow,7,
Virginia's Warbler,,7,
Ashthroated Flycatcher,Ash-throated Flycatcher,6,
Bald Eagle,,6,
Black-tailed Gnatcatcher,,6,
Blackbilled Cuckoo,Black-billed Cuckoo,6,
Brown-crested Flycatcher,,6,
Common Moorhen,,6,
Gray Vireo,,6,
Ladder-backed Woodpecker,,6,
Orangecrowned Warbler,Orange-crowned Warbler,6,
Red-cockaded Woodpecker,,6,
Redhead,,6,
Ruddy Duck,,6,
Scrub jay,Scrub Jay,6,taxonomy
Sharpshinned Hawk,Sharp-shinned Hawk,6,
White-winged Crossbill,,6,
Black Vulture,,5,
Brewster's Warbler,,5,
Brownheaded Nuthatch,Brown-headed Nuthatch,5,
Bullock's Oriole,,5,
Cape May Warbler,,5,
Chuck-will's-widow,,5,
Clapper Rail,,5,
Common Ground-Dove,,5,
Double-crested Cormorant,,5,
Hooded Oriole,,5,
Northern (Red-shafted) Flicker,Northern Flicker,5,
Ruby-throath Hummingbird,Ruby-throated Hummingbird,5,
Ruﬂed Grouse,Ruffed Grouse,5,
Scott's Oriole,,5,
Seaside Sparrow,,5,
Snowy Egret,,5,
Spotted Owl,,5,
VVhite-breasted Nuthatch,White-breasted Nuthatch,5,
White-winged Dove,,5,
Whiteeyed Vireo,White-eyed Vireo,5,
Yellowbellied Sapsucker,Yellow-bellied Sapsucker,5,
American Bittern,,4,
Black-backed Woodpecker,,4,
Cactus Wren,,4,
Crissal Thrasher,,4,
Dark-eyedJunco,Dark-eyed Junco,4,
Eastern VVood-Pewee,Eastern Wood-Pewee,4,
Golden-crowned Sparrow,,4,
Gray Partridge,,4,
Greenbacked Heron,Green-backed Heron,4,
Herring Gull,,4,
Le Conte's Thrasher,,4,
Lesser Nighthawk,,4,
Little Blue Heron,,4,
Pinyon Jay,,4,
Ring-necked Duck,,4,
Rough-winged Swallow,Northern Rough-winged Swallow,4,
Spotted Dove,,4,
Steller's jay,Steller's Jay,4,
Steller'sjay,Steller's Jay,4,
Swainson's Hawk,,4,
Vermilion Flycatcher,,4,
Williamson's Sapsucker,,4,
American Oystercatcher,,3,
American Wigeon,,3,
Black Swift,,3,
Blackheaded Grosbeak,Black-headed Grosbeak,3,
Brewer's Sparrow,,3,
Bufﬂehead,Bufflehead,3,
Cedar W'axwing,Cedar Waxwing,3,
Chickadee sp,Chickadee sp.,3,
Common Barn-Owl,Barn Owl,3,
Common Gracklc,Common Grackle,3,
Cray Catbird,Gray Catbird,3,
Great Black-backed Gull,,3,
Lark Bunting,,3,
Laughing Gull,,3,
Northern Roughwinged Swallow,Northern Rough-winged Swallow,3,
Pacificslope Flycatcher,Pacific-slope Flycatcher,3,
Pilcated Woodpecker,Pileated Woodpecker,3,
Red-bellied W'oodpecker,Red-bellied Woodpecker,3,
Redbreasted Sapsucker,Red-breasted Sapsucker,3,
Rubycrowned Kinglet,Ruby-crowned Kinglet,3,
Rufl'ed Grouse,Ruffed Grouse,3,
Ruﬂ'ed Grouse,Ruffed Grouse,3,
Sharp-tailed Sparrow,,3,taxonomy
Tufted Titrnouse,Tufted Titmouse,3,
VVarbling Vireo,Warbling Vireo,3,
Wilson's Phalarope,,3,
Wormeating Warbler,Worm-eating Warbler,3,
Yellow-billed Magpie,,3,
Yellow-crowned Night-Heron,,3,
Yellowbreasted Chat,Yellow-breasted Chat,3,
and American Goldfinch,American Goldfinch,2,
Ash-throath Flycatcher,Ash-throated Flycatcher,2,
Baybreasted Warbler,Bay-breasted Warbler,2,
Bell's Vireo,,2,
Black-and-white \Narbler,Black-and-white Warbler,2,
Black-throated Blue W'arbler,Black-throated Blue Warbler,2,
Black{apped Chickadee,Black-capped Chickadee,2,
Blackpoll Warbler,,2,
BlueAIay,Blue Jay,2,
Bluewinged Teal,Blue-winged Teal,2,
Boat-tailed Crackle,Boat-tailed Grackle,2,
Boat-tailed Grackle,,2,
Brown-headed Cowbird and Lawrence's Goldfinch,,2,split text
Cassin's Kingbird,,2,
Cedar VVaxwing,Cedar Waxwing,2,
Chestnutbacked Chickadee,Chestnut-backed Chickadee,2,
Common Bushtit,Bushtit,2,
Common Graekle,Common Grackle,2,
Common GroundDove,Common Ground-Dove,2,
Common Tern,,2,
Curve-billed Thrasher,,2,
Darkeyed junco,Dark-eyed Junco,2,
Dovmy Woodpecker,Downy Woodpecker,2,
Downy \Noodpecker,Downy Woodpecker,2,
Downy W'oodpecker,Downy Woodpecker,2,
Eastern Screech Owl,Eastern Screech-Owl,2,
Eastern W'ood-Pewee,Eastern Wood-Pewee,2,
Eastern Wood-Fewee,Eastern Wood-Pewee,2,
Eastern Wood-Pcwee,Eastern Wood-Pewee,2,
Eastern Wood-Pewce,Eastern Wood-Pewee,2,
Eastern Wood-Pewec,Eastern Wood-Pewee,2,
Ferruginous Hawk,,2,
Forster's Tern,,2,
Gila Woodpecker,,2,
Glossy Ibis,,2,
Golden-crowned Kinglct,Golden-crowned Kinglet,2,
Goldenwinged Warbler,Golden-winged Warbler,2,
Great-horned Owl,Great Horned Owl,2,
Green-winged Teal,,2,
Henslow's Sparrow,,2,
kinglet species,kinglet sp.,2,
Least Bittern,,2,
lVIourning Dove,Mourning Dove,2,
Mute Swan,,2,
Nashville \Narbler,Nashville Warbler,2,
Northern Sawwhet Owl,Northern Saw-whet Owl,2,
Northern Shoveler,,2,
Palm Warbler,,2,
Pilealed Woodpecker,Pileated Woodpecker,2,
Pileated W'oodpecker,Pileated Woodpecker,2,
Pine Grosbeak,,2,
Redcockaded Woodpecker,Red-cockaded Woodpecker,2,
Redheaded Woodpecker,Red-headed Woodpecker,2,
Rednaped Sapsucker,Red-naped Sapsucker,2,
Ringnecked Duck,Ring-necked Duck,2,
Rufled Grouse,Ruffed Grouse,2,
Rufous-sided To whee,Rufous-sided Towhee,2,taxonomy
Rufouscrowned Sparrow,Rufous-crowned Sparrow,2,
RufTed Grouse,Ruffed Grouse,2,
Rutfed Grouse,Ruffed Grouse,2,
Three-teed Woodpecker,Three-toed Woodpecker,2,
Vecry,Veery,2,
W'ild Turkey,Wild Turkey,2,
Western WoodPewee,Western Wood-Pewee,2,
White-breated Nuthatch,White-breasted Nuthatch,2,
White-tailed Kite,,2,
White Ibis,,2,
Whitethroated Sparrow,White-throated Sparrow,2,
' Veery,Veery,1,
'American Redstart,American Redstart,1,
'American Robin,American Robin,1,
'Nood Thrush,Wood Thrush,1,
'Warbling Vireo,Warbling Vireo,1,
"\700d Thrush""",Wood Thrush,1,help
"\form-eating Warbler""",Worm-eating Warbler,1,help
[louse Wren,House Wren,1,
\Nestern Screech-Owl,Western Screech-Owl,1,
\Nestern Wood-Fewee,Western Wood-Pewee,1,
\Ninter Wren,Winter Wren,1,
\Nood Thrush,Wood Thrush,1,
\Vood Thrush,Wood Thrush,1,
]. White,,1,delete
]. Worrall,,1,delete
Abert's Towhee,,1,
all known to breed in immediate vicinity,,1,delete
American \Voodcock,American Woodcock,1,
American Black Duck X Mallard,American Black Duck x Mallard (hybrid),1,
American Goldfich,American Goldfinch,1,
American Goldfinch. Other 0bservers: Barbara Rubin,American Goldfinch,1,
American Goldfinch. Other Observers]. Hyman,American Goldfinch,1,
American RObin,American Robin,1,
American White Pelican,,1,
and a number of vagrants,,1,delete
and Eastern Goldfinch,American Goldfinch,1,
Baird's Sparrow,,1,
Bald Eagle (imm.),Bald Eagle,1,
Baltimore Oriole. Other Observerszj. Bristow,Baltimore Oriole,1,
Bay-breaSLCd Warbler,Bay-breasted Warbler,1,
Beth O'Donnell,,1,delete
Black-and-whitc Warbler,Black-and-white Warbler,1,
Black-chimned Hummingbird,Black-chinned Hummingbird,1,
Black-chinncd Hummingbird,Black-chinned Hummingbird,1,
Black-crowned Night Heron,Black-crowned Night-Heron,1,
Black-crowned Night~Heron,Black-crowned Night-Heron,1,
Black-headed Grosbeak and Lawrence's Goldfinch,Black-headed Grosbeak and Lawrence's Goldfinch,1,split text
Black-poll Warbler,Blackpoll Warbler,1,
Black-throaled Green Warbler,Black-throated Green Warbler,1,
Black-throated Green,Black-throated Green Warbler,1,
Black-throated Green \Narbler,Black-throated Green Warbler,1,
Black-throath Blue Warbler,Black-throated Blue Warbler,1,
Black-throath Green Warbler,Black-throated Green Warbler,1,
Black Rail,,1,
Blackand-white \Narbler,Black-and-white Warbler,1,
BlackAthroated Green Warbler,Black-throated Green Warbler,1,
Blackburnian \Narbler,Blackburnian Warbler,1,
Blackcappcd Chickadee,Black-capped Chickadee,1,
Blackcrowned Night-Heron,Black-crowned Night-Heron,1,
Blackothroated Green Warbler,Black-throated Green Warbler,1,
Blackrapped Chickadee,Black-capped Chickadee,1,
Blackrrowned Night-Heron,Black-crowned Night-Heron,1,
Blackthroated Gray Warbler,Black-throated Gray Warbler,1,
Blackvand-white Warbler,Black-and-white Warbler,1,
Blackvbilled Cuckoo,Black-billed Cuckoo,1,
Blue-gray Gnatcalcher,Blue-gray Gnatcatcher,1,
Blue-gray Gnatcatcher. Yellow-throated Vireo,Blue-gray Gnatcatcher. Yellow-throated Vireo,1,split text
Blue-gray Gnateatcher,Blue-gray Gnatcatcher,1,
Blue ]ay,Blue Jay,1,
Blue_]ay,Blue Jay,1,
Blue~gray Gnatcatcher,Blue-gray Gnatcatcher,1,
Bluegray Gnatcalcher,Blue-gray Gnatcatcher,1,
Blueklay,Blue Jay,1,
brlan Hopkins,,1,delete
Broad-Mnged Hawk,Broad-winged Hawk,1,
Bronzed Cowbird,,1,
Brown Pelican,,1,
Brown To'whee,Brown Towhee,1,
Brownvheaded Nuthatch,Brown-headed Nuthatch,1,
Bufflehead,,1,
Buﬂlehead,Bufflehead,1,
Buslitit,Bushtit,1,
Ca]ifornia Quail,California Quail,1,
Canvasback,,1,
Canyon Towhee,,1,
Carolina \Nren,Carolina Wren,1,
Carolina W'ren,Carolina Wren,1,
Cassin's Finch and Red Crossbill,,1,split text
Cattle Egret,,1,
Cedar \Naxwing,Cedar Waxwing,1,
Cedar V'Vaxwing,Cedar Waxwing,1,
Cedar Wanting,Cedar Waxwing,1,
Cedar Waxvn'ng,Cedar Waxwing,1,
Cedar Waxwing. Other 0bservers: Nancy W. Clayton,Cedar Waxwing,1,
Cerulean W'arbler,Cerulean Warbler,1,
Chestnut-sided \Narbler,Chestnut-sided Warbler,1,
chickadee species,Chickadee sp.,1,
Chimey Swift,Chimney Swift,1,
Chip~ ping Sparrow,Chipping Sparrow,1,
Chuckwill's-widow,Chuck-will's-widow,1,
Claycolored Sparrow,Clay-colored Sparrow,1,
Cliff 44 Swallow,Cliff Swallow,1,
CliFf Swallow,Cliff Swallow,1,
Clifi Swallow,Cliff Swallow,1,
Cliﬂ' Swallow,Cliff Swallow,1,help
"Cliﬂ\ Swallow""",Cliff Swallow,1,
Common Barn Owl,Barn Owl,1,
Common Crow,American Crow,1,
Common Grack1e and House Finch,,1,"split text, and Grack1e should be Grackle"
Common Grackle. Acknowledgmentszjennifer Anne Perry,Common Grackle,1,
Common Yellowthroa't,Common Yellowthroat,1,
Common Yiellowthroat,Common Yellowthroat,1,
Cornmon Ground-Dove,Common Ground-Dove,1,
crossbill species,crossbill sp.,1,
D. Schwenker,,1,delete
Dark-eyed (Oregon) Junco,Dark-eyed Junco,1,
Dark-eyed_]unc0,Dark-eyed Junco,1,
Dark-eyed_]unco,Dark-eyed Junco,1,
Darkeyedjunco,Dark-eyed Junco,1,
David M. Clayton,,1,delete
"Downy \'oodpecker""",Downy Woodpecker,1,help
Downy \Voodpecker,Downy Woodpecker,1,
"Downy nuLquu \1:10 Woodpecker""",Downy Woodpecker,1,help
Downy Woodpecknululuu I JHJ er,Downy Woodpecker,1,
Eastern \Nood-Pewee,Eastern Wood-Pewee,1,
Eastern \NoodPewee,Eastern Wood-Pewee,1,
Eastern \Vood-Pewee,Eastern Wood-Pewee,1,
Eastern Titmouse,Tufted Titmouse,1,
Eastern Wood-Pewcc,Eastern Wood-Pewee,1,
Eastern Wood Pewee,Eastern Wood-Pewee,1,
Elf Owl,,1,
Gadwal,Gadwall,1,
Gadwall (1N),Gadwall,1,
Garnbel's Quail,Gambel's Quail,1,
Golden-Crowned Kinglet,Golden-crowned Kinglet,1,
Goldenvcrowned Kinglet,Golden-crowned Kinglet,1,
Gray-checked Thrush,Gray-cheeked Thrush,1,
Gray Flycatcher,,1,
GrayIIay,Gray Jay,1,
Grayjay,Gray Jay,1,
Greater Scaup,,1,
Greentailed Towhee,Green-tailed Towhee,1,
H. Carola,,1,delete
Hairy 'Noodpecker,Hairy Woodpecker,1,
Hairy \'Voodpecker,Hairy Woodpecker,1,
Hairy \Noodpecker,Hairy Woodpecker,1,
Hairy VVoodpecker,Hairy Woodpecker,1,
Hairy W'oodpecker,Hairy Woodpecker,1,
Harris' Hawk,,1,
hlallard,Mallard,1,
hlourning Dove,Mourning Dove,1,
"Hooded \'arbler""",Hooded Warbler,1,help
Hooded Merganscr,Hooded Merganser,1,
Hooded VVarhler,Hooded Warbler,1,
House \Nren,House Wren,1,
House Finch. Other Observerszj. Bristow,House Finch,1,
Ilairy Woodpecker,Hairy Woodpecker,1,
IvIourning Dove,Mourning Dove,1,
K Sjolander,,1,delete
Killdecr,Killdeer,1,
Least Sandpiper,,1,
Least Tern,,1,
Lewis' Woodpecker,,1,
Long-eared Owl,,1,
Louisiana VVaterthrush,Louisiana Waterthrush,1,
Louisiana VVaterthrusli,Louisiana Waterthrush,1,
Louisiana W terthrush,Louisiana Waterthrush,1,
Louisiana Watcrthrush,Louisiana Waterthrush,1,
Louisiana Waterthrush. Utner Ubservers: Melanie Scnaldacn,Louisiana Waterthrush,1,
Lucy's Warbler,,1,
lViagnolia Warbler,Magnolia Warbler,1,
lVIallard,Mallard,1,
lVIarsh Wren,Marsh Wren,1,
M. Kantrowitz,,1,delete
MacGillivray's W'arbler,MacGillivray's Warbler,1,
MacGilliway's Warbler,MacGillivray's Warbler,1,
Mallard ): American Black Duck hybrid,American Black Duck x Mallard (hybrid),1,
Mallard x American Black Duck hybrid,American Black Duck x Mallard (hybrid),1,
Mary Jo Murray,,1,delete
Mississippi Kite,,1,
Mouming Dove,Mourning Dove,1,
Mourning Dave,Mourning Dove,1,
Mourning Dovc,Mourning Dove,1,
N. Bristow,,1,delete
N. BristOW,,1,delete
N.S. Mueller,,1,delete
Nashvule Warbler,Nashville Warbler,1,
Niagnolia Warbler,Magnolia Warbler,1,
Nlourning Dove,Mourning Dove,1,
Northern (Yellow-shafted) Flicker,Northern Flicker,1,
Northern Beardless-Tyrannulet,,1,
Northern Flicker (Red-shafted),Northern Flicker,1,
Northern ﬂicker,Northern Flicker,1,
Northern Parula Warbler,Northern Parula,1,
Nutmll's Woodpecker,Nuttall's Woodpecker,1,
Olivesided Flycatcher,Olive-sided Flycatcher,1,
Ovcnbird,Ovenbird,1,
Paul Huth,,1,delete
Pileatcd Woodpecker,Pileated Woodpecker,1,
Pileated \'Voodpecker,Pileated Woodpecker,1,
Pileated nululuu 1:1:1.) Woodpecker,Pileated Woodpecker,1,
Pileated VVoodpecker,Pileated Woodpecker,1,
Pine Warbler. Common Yellowthroat,,1,split text
Pinyon jay,Pinyon Jay,1,
Prairie Falcon,,1,
ProthonotaIy Warbler,Prothonotary Warbler,1,
Puple Martin,Purple Martin,1,
R.H. Wiley,,1,delete
Raven,Common Raven,1,
Red-bellied \N'oodpecker,Red-bellied Woodpecker,1,
Red-bellied \Noodpecker,Red-bellied Woodpecker,1,
Red-bellied VVoodpecker,Red-bellied Woodpecker,1,
Red-cockaded VVoodpecker,Red-cockaded Woodpecker,1,
Red-cockaded Woodv pecker,Red-cockaded Woodpecker,1,
Red-necked Grebe,,1,
Red-winng Blackbird,Red-winged Blackbird,1,
Redcyed Vireo,Red-eyed Vireo,1,
Ringbilled Gull,Ring-billed Gull,1,
Rose-breased Grosbeak,Rose-breasted Grosbeak,1,
Ruby-crowned Kinglct,Ruby-crowned Kinglet,1,
Ruf'fed Grouse,Ruffed Grouse,1,
Ruff ed Grouse,Ruffed Grouse,1,
Ruffcd Grouse,Ruffed Grouse,1,
Ruffed Grouse (with young),Ruffed Grouse,1,
Rufied Grouse,Ruffed Grouse,1,
Ruflcd Grouse,Ruffed Grouse,1,
Rufous-sidcd Towhee,Rufous-sided Towhee,1,taxonomy
Rufous-sided Towhce,Rufous-sided Towhee,1,taxonomy
Rufous-sided Towhec,Rufous-sided Towhee,1,taxonomy
Ruﬂ' ed Grouse,Ruffed Grouse,1,
Ruifed Grouse,Ruffed Grouse,1,
RulTed Grouse,Ruffed Grouse,1,
Rusty Blackbird,,1,
S. Gall,,1,delete
Sage Sparrow,,1,
Sage Thrasher,,1,
Sandhill Crane,,1,
Sedge W'ren,Sedge Wren,1,
Selena LaI'I'Oll,,1,delete
Sharp-tailed Grouse,,1,
Short-cared Owl,Short-eared Owl,1,
Sichuan Pheasant,,1,
Solitary Sandpiper,,1,
Solitary vireo,Solitary Vireo,1,
Steller's>]ay,Steller's Jay,1,
Steller'sJay,Steller's Jay,1,
Summer Tanagér,Summer Tanager,1,
Swajnson's Thrush,Swainson's Thrush,1,
Sybil Rosen,,1,delete
Three-toed Woodpecker,,1,
Traill's Flycatcher,Willow Flycatcher,1,
Tufted 'l'itmouse,Tufted Titmouse,1,
Tufted Titinouse,Tufted Titmouse,1,
unidentified Accipiter,Accipiter sp.,1,
Varied Bunting,,1,
Veeiy,Veery,1,
Violet Green Swallow,Violet-green Swallow,1,
VVhip-poor-will,Whip-poor-will,1,
VVhite-throated Sparrow,White-throated Sparrow,1,
VVhiteeyed Vireo,White-eyed Vireo,1,
VVorm-eating Warbler,Worm-eating Warbler,1,
W'arbling Vireo,Warbling Vireo,1,
W'hite-crowned Sparrow,White-crowned Sparrow,1,
W'hite-headed Woodpecker,White-headed Woodpecker,1,
W'ood Duck,Wood Duck,1,
Warren Morse,,1,delete
Western NIeadowlark,Western Meadowlark,1,
Western Sandpiper,,1,
Western Scrubjay,Western Scrub Jay,1,
Western ScrubJay,Western Scrub Jay,1,
Western Wood-Pewce,Western Wood-Pewee,1,
White~breasted Nuthatch,White-breasted Nuthatch,1,
Whitecrowned Sparrow,White-crowned Sparrow,1,
Whiteheaded Woodpecker,White-headed Woodpecker,1,
Wood Stork,,1,
Woodthrush,Wood Thrush,1,
Wormeating W'arbler,Worm-eating Warbler,1,
Write-winged Dove,White-winged Dove,1,
Yellow-ramped Warbler,Yellow-rumped Warbler,1,
Yellow-rumped,Yellow-rumped Warbler,1,
Yellow-rumped (Myrtle) Warbler,Yellow-rumped Warbler,1,
Yellow-shafted Flicker,Northern Flicker,1,
Yellow-throatcd Vireo,Yellow-throated Vireo,1,
Yellow-throath Vireo,Yellow-throated Vireo,1,
Yellow \Narbler,Yellow Warbler,1,
Yellow W'arbler,Yellow Warbler,1,
Yellow.-rumped Warbler,Yellow-rumped Warbler,1,
Yellowbellied Flycatcher,Yellow-bellied Flycatcher,1,
Yellowshafted Flicker,Northern Flicker,1,
